path:eco00230	eco:b0049
path:eco00230	eco:b0104
path:eco00230	eco:b0125
path:eco00230	eco:b0160
path:eco00230	eco:b0238
path:eco00230	eco:b0284
path:eco00230	eco:b0285
path:eco00230	eco:b0286
path:eco00230	eco:b0323
path:eco00230	eco:b0391
path:eco00230	eco:b0469
path:eco00230	eco:b0474
path:eco00230	eco:b0477
path:eco00230	eco:b0480
path:eco00230	eco:b0505
path:eco00230	eco:b0512
path:eco00230	eco:b0515
path:eco00230	eco:b0516
path:eco00230	eco:b0517
path:eco00230	eco:b0518
path:eco00230	eco:b0520
path:eco00230	eco:b0521
path:eco00230	eco:b0522
path:eco00230	eco:b0523
path:eco00230	eco:b0675
path:eco00230	eco:b0688
path:eco00230	eco:b1131
path:eco00230	eco:b1207
path:eco00230	eco:b1623
path:eco00230	eco:b1849
path:eco00230	eco:b1970
path:eco00230	eco:b1982
path:eco00230	eco:b2234
path:eco00230	eco:b2235
path:eco00230	eco:b2291
path:eco00230	eco:b2312
path:eco00230	eco:b2361
path:eco00230	eco:b2407
path:eco00230	eco:b2476
path:eco00230	eco:b2499
path:eco00230	eco:b2500
path:eco00230	eco:b2502
path:eco00230	eco:b2507
path:eco00230	eco:b2508
path:eco00230	eco:b2518
path:eco00230	eco:b2557
path:eco00230	eco:b2593
path:eco00230	eco:b2675
path:eco00230	eco:b2676
path:eco00230	eco:b2744
path:eco00230	eco:b2750
path:eco00230	eco:b2751
path:eco00230	eco:b2752
path:eco00230	eco:b2781
path:eco00230	eco:b2784
path:eco00230	eco:b2795
path:eco00230	eco:b2866
path:eco00230	eco:b2867
path:eco00230	eco:b2868
path:eco00230	eco:b2874
path:eco00230	eco:b2883
path:eco00230	eco:b2954
path:eco00230	eco:b3032
path:eco00230	eco:b3034
path:eco00230	eco:b3380
path:eco00230	eco:b3397
path:eco00230	eco:b3399
path:eco00230	eco:b3648
path:eco00230	eco:b3650
path:eco00230	eco:b3665
path:eco00230	eco:b3779
path:eco00230	eco:b3806
path:eco00230	eco:b4005
path:eco00230	eco:b4006
path:eco00230	eco:b4177
path:eco00230	eco:b4213
path:eco00230	eco:b4238
path:eco00230	eco:b4383
path:eco00230	eco:b4384
path:eco00230	eco:b4394
path:eco00230	eco:b4572
