cog_category,cog_description,n_shifters_in_cat,n_nonshifters_in_cat,n_shifters_total,n_nonshifters_total,odds_ratio,pvalue,fdr_qvalue
V,Defense mechanisms,20,67,1571,2314,0.4324605213776379,0.0008167636815734227,0.01878556467618872
E,Amino acid transport and metabolism,159,179,1571,2314,1.343096681279377,0.010659952576528964,0.12258945463008308
H,Coenzyme transport and metabolism,69,72,1571,2314,1.4304815801154016,0.04403094605022296,0.3017841037849701
K,Transcription,115,133,1571,2314,1.295210898124432,0.052484191962603496,0.3017841037849701
N,Cell motility,44,45,1571,2314,1.452899658007713,0.08158696533412105,0.3197073052525062
X,"Mobilome: prophages, transposons",13,9,1571,2314,2.136999001568963,0.0834019057180451,0.3197073052525062
L,"Replication, recombination and repair",41,80,1571,2314,0.7483169934640523,0.15787238611580404,0.518723554380499
P,Inorganic ion transport and metabolism,76,131,1571,2314,0.8471393193596978,0.2755292157132981,0.6788228967413562
O,"Post-translational modification, protein turnover, chaperones",50,89,1571,2314,0.821827744904668,0.29178248247084765,0.6788228967413562
U,"Intracellular trafficking, secretion, and vesicular transport",15,32,1571,2314,0.6874598329048843,0.29514038988754615,0.6788228967413562
T,Signal transduction mechanisms,65,83,1571,2314,1.1601385622169955,0.3937448650724494,0.7534798267042978
I,Lipid transport and metabolism,34,61,1571,2314,0.817026995317683,0.3975030632464589,0.7534798267042978
Q,"Secondary metabolites biosynthesis, transport and catabolism",14,27,1571,2314,0.761626109089179,0.42979455732844735,0.7534798267042978
G,Carbohydrate transport and metabolism,135,216,1571,2314,0.9131267409470752,0.45863989451565956,0.7534798267042978
W,Extracellular structures,14,16,1571,2314,1.2914258188824663,0.576009144184145,0.8411937316599768
J,"Translation, ribosomal structure and biogenesis",41,68,1571,2314,0.8851018838908112,0.6208193414580561,0.8411937316599768
F,Nucleotide transport and metabolism,29,49,1571,2314,0.8693321686651314,0.6413626937009396,0.8411937316599768
R,General function prediction only,78,123,1571,2314,0.9306193128910526,0.6583255291251993,0.8411937316599768
M,Cell wall/membrane/envelope biogenesis,65,92,1571,2314,1.0424245048790346,0.8038515346721473,0.9329188392586728
D,"Cell cycle control, cell division, chromosome partitioning",8,10,1571,2314,1.1792706333973129,0.8112337732684112,0.9329188392586728
S,Function unknown,542,801,1571,2314,0.9949249541086276,0.9452271625549076,0.9909042392611603
C,Energy production and conversion,104,155,1571,2314,0.9874705895287728,0.9478214462498056,0.9909042392611603
A,RNA processing and modification,0,1,1571,2314,0.0,1.0,1.0
